drop table Payments;
drop table Tasks;
drop table Regular;
drop table Manager;
drop table Deliverables;
drop table Contracts;
drop table SalesAssociate;
drop table Admins;
drop table Employees;
drop table Clients;

CREATE TABLE Clients(
  clientId INT NOT NULL AUTO_INCREMENT PRIMARY KEY,
  clientName VARCHAR(255) NOT NULL,
  repFirstName VARCHAR(255) NOT NULL,
  repMiddleInital VARCHAR(5) NOT NULL,
  repLastName VARCHAR(255) NOT NULL,
  emailId VARCHAR(255) NOT NULL,
  city VARCHAR(255) NOT NULL,
  province VARCHAR(255) NOT NULL,
  postalCode VARCHAR(255) NOT NULL,
  password VARCHAR(20) NOT NULL
);

CREATE TABLE Employees (
  employeeId INT NOT NULL AUTO_INCREMENT PRIMARY KEY,
  firstName VARCHAR(255) NOT NULL,
  lastName VARCHAR(255) NOT NULL,
  password varchar(20) NOT NULL
);

CREATE TABLE SalesAssociate (
  employeeId INT NOT NULL PRIMARY KEY REFERENCES Employees(employeeId)
);

CREATE TABLE Admins (
  employeeId INT NOT NULL PRIMARY KEY REFERENCES Employees(employeeId)
);

CREATE TABLE Contracts(
  contractId INT NOT NULL AUTO_INCREMENT PRIMARY KEY,
  clientId INT NOT NULL,
  superviseBy INT NOT NULL,
  contactNumber VARCHAR(15) NOT NULL,
  annualContractValue DOUBLE NOT NULL,
  initalAmount DOUBLE NOT NULL,
  serviceStartDate DATE NOT NULL,
  serviceType ENUM('Cloud','On-premises') NOT NULL,
  contractType ENUM('Premium','Gold','Diamond','Silver') NOT NULL,
  lineOfBusiness ENUM('CloudServices', 'Development', 'Research') NOT NULL,
  satisfactionLevel INT CHECK (satisfactionLevel >=1 AND satisfactionLevel <=10),
  FOREIGN KEY (clientId) REFERENCES Clients(clientId),
  FOREIGN KEY (superviseBy) REFERENCES SalesAssociate(employeeId)
);

create table Payments(
	paymentId INT NOT NULL AUTO_INCREMENT PRIMARY KEY,
	contractId INT NOT NULL,
    foreign key (contractId) REFERENCES Contracts(contractId)
);

create TABLE Deliverables(
    contractId INT NOT NULL,
    deliverableIndex INT NOT NULL,
    scheduledDate DATE NOT NULL,
    deliveredDate DATE,
    PRIMARY KEY (contractId, DeliverableIndex),
    FOREIGN KEY (contractId) REFERENCES Contracts(contractId),
    CHECK(WEEDDAY(scheduledDate)!=5 AND WEEKDAY(scheduledDate)!=6)
);

CREATE TABLE Manager (
  employeeId INT NOT NULL PRIMARY KEY REFERENCES Employees(employeeId),
	contractId INT,
  superviseBy INT NOT NULL,
	FOREIGN KEY (contractId) REFERENCES Contracts(contractId),
  FOREIGN KEY (superviseBy) REFERENCES SalesAssociate(employeeId)
);

CREATE TABLE Regular (
  employeeId INT NOT NULL PRIMARY KEY REFERENCES Employees(employeeId),
	contractId INT,
  manageBy INT,
	department ENUM('Development', 'QA', 'UI', 'Design', 'BusinessIntelligence', 'Networking') NOT NULL,
	insurance ENUM('Premium','Silver','Normal') NOT NULL,
  desiredContractType ENUM('Premium','Gold','Diamond','Silver') NOT NULL,
	FOREIGN KEY (contractId) REFERENCES Contracts(contractId),
  FOREIGN KEY (manageBy) REFERENCES Manager(employeeId)
);

CREATE TABLE Tasks(
  employeeId INT NOT NULL PRIMARY KEY REFERENCES Employees(employeeId),
  contractId INT NOT NULL,
  taskType ENUM('Set up infrastructure for client','Provisioning of resources','Assigning tasks to resources','Allocating a dedicated point of contact') NOT NULL,
  hours int default 0,
  FOREIGN KEY(contractId) REFERENCES Contracts(contractId),
  CHECK(hours >= 0)
);

INSERT INTO Employees VALUES(1, 'Alejandro', 'Vargas', 'a');
INSERT INTO Admins VALUES (1);
INSERT INTO Employees VALUES(2, 'Kamren', 'Jackson', 'a');
INSERT INTO SalesAssociate VALUES(2);
INSERT INTO Clients VALUES (1, 'Etrade inc.', 'Celeste', '', 'Guerrero', 'Celeste_Guerrero@Etrade inc..com', 'Quebec', 'Manitoba', 'xxxxxx', 'pass');
INSERT INTO Contracts VALUES (1, 1, 2, '5149108628', 50459.541454290666, 17408.139898177935, '2017-09-04', 'On-premises', 'Silver', 'Research', 5);
INSERT INTO Deliverables VALUES (1, 1, '2017-09-11', null);
INSERT INTO Deliverables VALUES (1, 2, '2017-09-25', null);
INSERT INTO Deliverables VALUES (1, 3, '2017-10-02', null);
INSERT INTO Deliverables VALUES (1, 4, '2017-10-12', null);
INSERT INTO Employees VALUES(3, 'Lorelai', 'Schneider', 'a');
INSERT INTO Manager VALUES (3, 1, 2);
INSERT INTO Employees VALUES(4, 'Simone', 'Miller', 'a');
INSERT INTO Regular VALUES (4, 1,3, 'QA', 'Silver', 'Silver');
INSERT INTO Tasks VALUES (4, 1, 'Assigning tasks to resources', 0);
INSERT INTO Employees VALUES(5, 'Jaelyn', 'Lopez', 'a');
INSERT INTO Regular VALUES (5, 1,3, 'Networking', 'Silver', 'Silver');
INSERT INTO Tasks VALUES (5, 1, 'Set up infrastructure for client', 0);
INSERT INTO Employees VALUES(6, 'Brooks', 'Shepard', 'a');
INSERT INTO Regular VALUES (6, 1,3, 'Networking', 'Normal', 'Silver');
INSERT INTO Tasks VALUES (6, 1, 'Allocating a dedicated point of contact', 0);
INSERT INTO Employees VALUES(7, 'Nikhil', 'Becker', 'a');
INSERT INTO Regular VALUES (7, 1,3, 'Development', 'Premium', 'Silver');
INSERT INTO Tasks VALUES (7, 1, 'Provisioning of resources', 0);
INSERT INTO Employees VALUES(8, 'Kathleen', 'Melton', 'a');
INSERT INTO Regular VALUES (8, 1,3, 'BusinessIntelligence', 'Normal', 'Silver');
INSERT INTO Tasks VALUES (8, 1, 'Set up infrastructure for client', 0);
INSERT INTO Employees VALUES(9, 'Sarai', 'Hays', 'a');
INSERT INTO Regular VALUES (9, 1,3, 'Networking', 'Silver', 'Silver');
INSERT INTO Tasks VALUES (9, 1, 'Allocating a dedicated point of contact', 0);
INSERT INTO Employees VALUES(10, 'Meredith', 'Barber', 'a');
INSERT INTO Regular VALUES (10, 1,3, 'QA', 'Silver', 'Silver');
INSERT INTO Tasks VALUES (10, 1, 'Set up infrastructure for client', 0);
INSERT INTO Employees VALUES(11, 'Wilson', 'Hancock', 'a');
INSERT INTO Manager VALUES (11, 1, 2);
INSERT INTO Employees VALUES(12, 'Virginia', 'Franco', 'a');
INSERT INTO Regular VALUES (12, 1,11, 'BusinessIntelligence', 'Normal', 'Silver');
INSERT INTO Tasks VALUES (12, 1, 'Provisioning of resources', 0);
INSERT INTO Employees VALUES(13, 'Tripp', 'Salinas', 'a');
INSERT INTO Regular VALUES (13, 1,11, 'BusinessIntelligence', 'Normal', 'Silver');
INSERT INTO Tasks VALUES (13, 1, 'Assigning tasks to resources', 0);
INSERT INTO Employees VALUES(14, 'Kinsley', 'Logan', 'a');
INSERT INTO Regular VALUES (14, 1,11, 'UI', 'Silver', 'Silver');
INSERT INTO Tasks VALUES (14, 1, 'Assigning tasks to resources', 0);
INSERT INTO Employees VALUES(15, 'Tabitha', 'Benjamin', 'a');
INSERT INTO Regular VALUES (15, 1,11, 'UI', 'Normal', 'Silver');
INSERT INTO Tasks VALUES (15, 1, 'Set up infrastructure for client', 0);
INSERT INTO Employees VALUES(16, 'Santiago', 'Pace', 'a');
INSERT INTO Regular VALUES (16, 1,11, 'BusinessIntelligence', 'Silver', 'Silver');
INSERT INTO Tasks VALUES (16, 1, 'Allocating a dedicated point of contact', 0);
INSERT INTO Contracts VALUES (2, 1, 2, '5149108628', 48683.49666807607, 16420.631730010253, '2015-01-05', 'On-premises', 'Diamond', 'CloudServices', 5);
INSERT INTO Deliverables VALUES (2, 1, '2015-01-13', null);
INSERT INTO Deliverables VALUES (2, 2, '2015-01-20', null);
INSERT INTO Deliverables VALUES (2, 3, '2015-01-29', null);
INSERT INTO Employees VALUES(17, 'Jerry', 'Estes', 'a');
INSERT INTO Manager VALUES (17, 2, 2);
INSERT INTO Employees VALUES(18, 'Giancarlo', 'Randolph', 'a');
INSERT INTO Regular VALUES (18, 2,17, 'BusinessIntelligence', 'Silver', 'Diamond');
INSERT INTO Tasks VALUES (18, 2, 'Assigning tasks to resources', 0);
INSERT INTO Employees VALUES(19, 'Kailee', 'Downs', 'a');
INSERT INTO Regular VALUES (19, 2,17, 'BusinessIntelligence', 'Normal', 'Diamond');
INSERT INTO Tasks VALUES (19, 2, 'Set up infrastructure for client', 0);
INSERT INTO Employees VALUES(20, 'Joaquin', 'Le', 'a');
INSERT INTO Regular VALUES (20, 2,17, 'Design', 'Normal', 'Diamond');
INSERT INTO Tasks VALUES (20, 2, 'Assigning tasks to resources', 0);
INSERT INTO Employees VALUES(21, 'Jaida', 'Watkins', 'a');
INSERT INTO Regular VALUES (21, 2,17, 'QA', 'Premium', 'Diamond');
INSERT INTO Tasks VALUES (21, 2, 'Set up infrastructure for client', 0);
INSERT INTO Employees VALUES(22, 'Jaylyn', 'Bridges', 'a');
INSERT INTO Regular VALUES (22, 2,17, 'Design', 'Silver', 'Diamond');
INSERT INTO Tasks VALUES (22, 2, 'Assigning tasks to resources', 0);
INSERT INTO Employees VALUES(23, 'Yoselin', 'Best', 'a');
INSERT INTO Regular VALUES (23, 2,17, 'Development', 'Silver', 'Diamond');
INSERT INTO Tasks VALUES (23, 2, 'Assigning tasks to resources', 0);
INSERT INTO Employees VALUES(24, 'Layla', 'Boyd', 'a');
INSERT INTO Regular VALUES (24, 2,17, 'QA', 'Premium', 'Diamond');
INSERT INTO Tasks VALUES (24, 2, 'Assigning tasks to resources', 0);
INSERT INTO Employees VALUES(25, 'Mila', 'Whitney', 'a');
INSERT INTO Manager VALUES (25, 2, 2);
INSERT INTO Employees VALUES(26, 'Heidy', 'Maldonado', 'a');
INSERT INTO Regular VALUES (26, 2,25, 'Design', 'Normal', 'Diamond');
INSERT INTO Tasks VALUES (26, 2, 'Provisioning of resources', 0);
INSERT INTO Employees VALUES(27, 'Robert', 'Villegas', 'a');
INSERT INTO Regular VALUES (27, 2,25, 'Networking', 'Premium', 'Diamond');
INSERT INTO Tasks VALUES (27, 2, 'Assigning tasks to resources', 0);
INSERT INTO Employees VALUES(28, 'Brodie', 'Hammond', 'a');
INSERT INTO Regular VALUES (28, 2,25, 'QA', 'Normal', 'Diamond');
INSERT INTO Tasks VALUES (28, 2, 'Provisioning of resources', 0);
INSERT INTO Employees VALUES(29, 'Emery', 'Rivas', 'a');
INSERT INTO Regular VALUES (29, 2,25, 'Design', 'Normal', 'Diamond');
INSERT INTO Tasks VALUES (29, 2, 'Set up infrastructure for client', 0);
INSERT INTO Employees VALUES(30, 'Brianna', 'Dickson', 'a');
INSERT INTO Regular VALUES (30, 2,25, 'BusinessIntelligence', 'Silver', 'Diamond');
INSERT INTO Tasks VALUES (30, 2, 'Provisioning of resources', 0);
INSERT INTO Employees VALUES(31, 'Yosef', 'Rollins', 'a');
INSERT INTO Regular VALUES (31, 2,25, 'Design', 'Premium', 'Diamond');
INSERT INTO Tasks VALUES (31, 2, 'Set up infrastructure for client', 0);
INSERT INTO Employees VALUES(32, 'Milagros', 'Lozano', 'a');
INSERT INTO Regular VALUES (32, 2,25, 'Development', 'Premium', 'Diamond');
INSERT INTO Tasks VALUES (32, 2, 'Provisioning of resources', 0);
INSERT INTO Employees VALUES(33, 'Skylar', 'Griffith', 'a');
INSERT INTO Regular VALUES (33, 2,25, 'Networking', 'Normal', 'Diamond');
INSERT INTO Tasks VALUES (33, 2, 'Allocating a dedicated point of contact', 0);
INSERT INTO Employees VALUES(34, 'Maximo', 'Hampton', 'a');
INSERT INTO Manager VALUES (34, 2, 2);
INSERT INTO Employees VALUES(35, 'Luis', 'Benton', 'a');
INSERT INTO Regular VALUES (35, 2,34, 'Networking', 'Normal', 'Diamond');
INSERT INTO Tasks VALUES (35, 2, 'Set up infrastructure for client', 0);
INSERT INTO Employees VALUES(36, 'Adrian', 'Carey', 'a');
INSERT INTO Regular VALUES (36, 2,34, 'Networking', 'Silver', 'Diamond');
INSERT INTO Tasks VALUES (36, 2, 'Assigning tasks to resources', 0);
INSERT INTO Employees VALUES(37, 'Micaela', 'Moreno', 'a');
INSERT INTO Regular VALUES (37, 2,34, 'Development', 'Premium', 'Diamond');
INSERT INTO Tasks VALUES (37, 2, 'Assigning tasks to resources', 0);
INSERT INTO Employees VALUES(38, 'Bailee', 'Carney', 'a');
INSERT INTO Regular VALUES (38, 2,34, 'Networking', 'Silver', 'Diamond');
INSERT INTO Tasks VALUES (38, 2, 'Allocating a dedicated point of contact', 0);
INSERT INTO Employees VALUES(39, 'Jabari', 'Mahoney', 'a');
INSERT INTO Regular VALUES (39, 2,34, 'BusinessIntelligence', 'Silver', 'Diamond');
INSERT INTO Tasks VALUES (39, 2, 'Allocating a dedicated point of contact', 0);
INSERT INTO Clients VALUES (2, 'WeMakeWebsites', 'Nikolas', '', 'Ellison', 'Nikolas_Ellison@WeMakeWebsites.com', 'Montreal', 'Quebec', 'xxxxxx', 'pass');
INSERT INTO Contracts VALUES (3, 2, 2, '5149108628', 18122.51511775724, 6267.1962669642435, '2015-11-21', 'Cloud', 'Diamond', 'Research', 5);
INSERT INTO Deliverables VALUES (3, 1, '2015-11-30', null);
INSERT INTO Deliverables VALUES (3, 2, '2015-12-07', null);
INSERT INTO Deliverables VALUES (3, 3, '2015-12-16', null);
INSERT INTO Employees VALUES(40, 'Allison', 'King', 'a');
INSERT INTO Manager VALUES (40, 3, 2);
INSERT INTO Employees VALUES(41, 'Jude', 'Ward', 'a');
INSERT INTO Regular VALUES (41, 3,40, 'BusinessIntelligence', 'Premium', 'Diamond');
INSERT INTO Tasks VALUES (41, 3, 'Provisioning of resources', 0);
INSERT INTO Employees VALUES(42, 'Ryleigh', 'Riddle', 'a');
INSERT INTO Regular VALUES (42, 3,40, 'Development', 'Normal', 'Diamond');
INSERT INTO Tasks VALUES (42, 3, 'Provisioning of resources', 0);
INSERT INTO Employees VALUES(43, 'Kylan', 'Hinton', 'a');
INSERT INTO Regular VALUES (43, 3,40, 'QA', 'Silver', 'Diamond');
INSERT INTO Tasks VALUES (43, 3, 'Set up infrastructure for client', 0);
INSERT INTO Employees VALUES(44, 'Ansley', 'Clarke', 'a');
INSERT INTO Regular VALUES (44, 3,40, 'Networking', 'Normal', 'Diamond');
INSERT INTO Tasks VALUES (44, 3, 'Assigning tasks to resources', 0);
INSERT INTO Employees VALUES(45, 'Yazmin', 'Murillo', 'a');
INSERT INTO Regular VALUES (45, 3,40, 'Development', 'Silver', 'Diamond');
INSERT INTO Tasks VALUES (45, 3, 'Set up infrastructure for client', 0);
INSERT INTO Employees VALUES(46, 'Eve', 'Gillespie', 'a');
INSERT INTO Regular VALUES (46, 3,40, 'Development', 'Premium', 'Diamond');
INSERT INTO Tasks VALUES (46, 3, 'Allocating a dedicated point of contact', 0);
INSERT INTO Employees VALUES(47, 'Jorge', 'Clay', 'a');
INSERT INTO Manager VALUES (47, 3, 2);
INSERT INTO Employees VALUES(48, 'Brogan', 'Fuentes', 'a');
INSERT INTO Regular VALUES (48, 3,47, 'Design', 'Silver', 'Diamond');
INSERT INTO Tasks VALUES (48, 3, 'Provisioning of resources', 0);
INSERT INTO Employees VALUES(49, 'Max', 'Grimes', 'a');
INSERT INTO Regular VALUES (49, 3,47, 'QA', 'Normal', 'Diamond');
INSERT INTO Tasks VALUES (49, 3, 'Provisioning of resources', 0);
INSERT INTO Employees VALUES(50, 'Nicolas', 'Sherman', 'a');
INSERT INTO Regular VALUES (50, 3,47, 'Development', 'Premium', 'Diamond');
INSERT INTO Tasks VALUES (50, 3, 'Allocating a dedicated point of contact', 0);
INSERT INTO Employees VALUES(51, 'Ariella', 'Ortiz', 'a');
INSERT INTO Regular VALUES (51, 3,47, 'Development', 'Normal', 'Diamond');
INSERT INTO Tasks VALUES (51, 3, 'Set up infrastructure for client', 0);
INSERT INTO Employees VALUES(52, 'Barbara', 'Solis', 'a');
INSERT INTO Regular VALUES (52, 3,47, 'QA', 'Premium', 'Diamond');
INSERT INTO Tasks VALUES (52, 3, 'Allocating a dedicated point of contact', 0);
INSERT INTO Employees VALUES(53, 'Brynn', 'Benitez', 'a');
INSERT INTO Manager VALUES (53, 3, 2);
INSERT INTO Employees VALUES(54, 'Timothy', 'Holmes', 'a');
INSERT INTO Regular VALUES (54, 3,53, 'BusinessIntelligence', 'Silver', 'Diamond');
INSERT INTO Tasks VALUES (54, 3, 'Set up infrastructure for client', 0);
INSERT INTO Employees VALUES(55, 'Kyle', 'Mathis', 'a');
INSERT INTO Regular VALUES (55, 3,53, 'Networking', 'Silver', 'Diamond');
INSERT INTO Tasks VALUES (55, 3, 'Allocating a dedicated point of contact', 0);
INSERT INTO Employees VALUES(56, 'Carley', 'Flores', 'a');
INSERT INTO Regular VALUES (56, 3,53, 'BusinessIntelligence', 'Silver', 'Diamond');
INSERT INTO Tasks VALUES (56, 3, 'Provisioning of resources', 0);
INSERT INTO Employees VALUES(57, 'Cortez', 'Ponce', 'a');
INSERT INTO Regular VALUES (57, 3,53, 'UI', 'Premium', 'Diamond');
INSERT INTO Tasks VALUES (57, 3, 'Assigning tasks to resources', 0);
INSERT INTO Employees VALUES(58, 'Jasmine', 'Jones', 'a');
INSERT INTO Regular VALUES (58, 3,53, 'Design', 'Premium', 'Diamond');
INSERT INTO Tasks VALUES (58, 3, 'Allocating a dedicated point of contact', 0);
INSERT INTO Contracts VALUES (4, 2, 2, '5149108628', 12593.513112241431, 4903.517348168805, '2017-08-19', 'Cloud', 'Premium', 'CloudServices', 5);
INSERT INTO Deliverables VALUES (4, 1, '2017-08-23', null);
INSERT INTO Deliverables VALUES (4, 2, '2017-08-25', null);
INSERT INTO Deliverables VALUES (4, 3, '2017-09-01', null);
INSERT INTO Employees VALUES(59, 'Neveah', 'Davenport', 'a');
INSERT INTO Manager VALUES (59, 4, 2);
INSERT INTO Employees VALUES(60, 'Tucker', 'Pena', 'a');
INSERT INTO Regular VALUES (60, 4,59, 'UI', 'Normal', 'Premium');
INSERT INTO Tasks VALUES (60, 4, 'Provisioning of resources', 0);
INSERT INTO Employees VALUES(61, 'Ann', 'Curry', 'a');
INSERT INTO Regular VALUES (61, 4,59, 'QA', 'Silver', 'Premium');
INSERT INTO Tasks VALUES (61, 4, 'Allocating a dedicated point of contact', 0);
INSERT INTO Employees VALUES(62, 'Jillian', 'Shepherd', 'a');
INSERT INTO Regular VALUES (62, 4,59, 'Design', 'Silver', 'Premium');
INSERT INTO Tasks VALUES (62, 4, 'Allocating a dedicated point of contact', 0);
INSERT INTO Employees VALUES(63, 'Conner', 'Bennett', 'a');
INSERT INTO Regular VALUES (63, 4,59, 'QA', 'Normal', 'Premium');
INSERT INTO Tasks VALUES (63, 4, 'Set up infrastructure for client', 0);
INSERT INTO Employees VALUES(64, 'Londyn', 'Harrell', 'a');
INSERT INTO Regular VALUES (64, 4,59, 'BusinessIntelligence', 'Silver', 'Premium');
INSERT INTO Tasks VALUES (64, 4, 'Provisioning of resources', 0);
INSERT INTO Employees VALUES(65, 'Armani', 'Preston', 'a');
INSERT INTO Regular VALUES (65, 4,59, 'Development', 'Silver', 'Premium');
INSERT INTO Tasks VALUES (65, 4, 'Set up infrastructure for client', 0);
INSERT INTO Employees VALUES(66, 'Marie', 'Reid', 'a');
INSERT INTO Manager VALUES (66, 4, 2);
INSERT INTO Employees VALUES(67, 'River', 'Mitchell', 'a');
INSERT INTO Regular VALUES (67, 4,66, 'UI', 'Normal', 'Premium');
INSERT INTO Tasks VALUES (67, 4, 'Assigning tasks to resources', 0);
INSERT INTO Employees VALUES(68, 'Cristal', 'Bradford', 'a');
INSERT INTO Regular VALUES (68, 4,66, 'QA', 'Premium', 'Premium');
INSERT INTO Tasks VALUES (68, 4, 'Allocating a dedicated point of contact', 0);
INSERT INTO Employees VALUES(69, 'Lailah', 'Valentine', 'a');
INSERT INTO Regular VALUES (69, 4,66, 'Networking', 'Silver', 'Premium');
INSERT INTO Tasks VALUES (69, 4, 'Set up infrastructure for client', 0);
INSERT INTO Employees VALUES(70, 'Miguel', 'Owens', 'a');
INSERT INTO Regular VALUES (70, 4,66, 'Networking', 'Silver', 'Premium');
INSERT INTO Tasks VALUES (70, 4, 'Assigning tasks to resources', 0);
INSERT INTO Employees VALUES(71, 'Alberto', 'Montgomery', 'a');
INSERT INTO Regular VALUES (71, 4,66, 'Development', 'Normal', 'Premium');
INSERT INTO Tasks VALUES (71, 4, 'Allocating a dedicated point of contact', 0);
INSERT INTO Employees VALUES(72, 'Samson', 'Roth', 'a');
INSERT INTO Regular VALUES (72, 4,66, 'Networking', 'Premium', 'Premium');
INSERT INTO Tasks VALUES (72, 4, 'Assigning tasks to resources', 0);
INSERT INTO Employees VALUES(73, 'Elyse', 'Collins', 'a');
INSERT INTO Manager VALUES (73, 4, 2);
INSERT INTO Employees VALUES(74, 'Chase', 'Edwards', 'a');
INSERT INTO Regular VALUES (74, 4,73, 'Networking', 'Normal', 'Premium');
INSERT INTO Tasks VALUES (74, 4, 'Allocating a dedicated point of contact', 0);
INSERT INTO Employees VALUES(75, 'Tamia', 'Mullins', 'a');
INSERT INTO Regular VALUES (75, 4,73, 'BusinessIntelligence', 'Premium', 'Premium');
INSERT INTO Tasks VALUES (75, 4, 'Allocating a dedicated point of contact', 0);
INSERT INTO Employees VALUES(76, 'Walker', 'Spence', 'a');
INSERT INTO Regular VALUES (76, 4,73, 'BusinessIntelligence', 'Premium', 'Premium');
INSERT INTO Tasks VALUES (76, 4, 'Set up infrastructure for client', 0);
INSERT INTO Employees VALUES(77, 'Diana', 'Elliott', 'a');
INSERT INTO Regular VALUES (77, 4,73, 'QA', 'Silver', 'Premium');
INSERT INTO Tasks VALUES (77, 4, 'Provisioning of resources', 0);
INSERT INTO Employees VALUES(78, 'Dalia', 'Davidson', 'a');
INSERT INTO Regular VALUES (78, 4,73, 'Design', 'Premium', 'Premium');
INSERT INTO Tasks VALUES (78, 4, 'Provisioning of resources', 0);
INSERT INTO Employees VALUES(79, 'Quinten', 'Larsen', 'a');
INSERT INTO Regular VALUES (79, 4,73, 'QA', 'Silver', 'Premium');
INSERT INTO Tasks VALUES (79, 4, 'Assigning tasks to resources', 0);
INSERT INTO Employees VALUES(80, 'Hadassah', 'Brandt', 'a');
INSERT INTO Regular VALUES (80, 4,73, 'Development', 'Normal', 'Premium');
INSERT INTO Tasks VALUES (80, 4, 'Set up infrastructure for client', 0);
INSERT INTO Employees VALUES(81, 'Tristin', 'Hendricks', 'a');
INSERT INTO Regular VALUES (81, 4,73, 'Design', 'Silver', 'Premium');
INSERT INTO Tasks VALUES (81, 4, 'Assigning tasks to resources', 0);
INSERT INTO Employees VALUES(82, 'Dulce', 'Benson', 'a');
INSERT INTO SalesAssociate VALUES(82);
INSERT INTO Clients VALUES (3, 'Cloud Solutions', 'Krish', '', 'Simmons', 'Krish_Simmons@Cloud Solutions.com', 'Quebec', 'North West Territories', 'xxxxxx', 'pass');
INSERT INTO Contracts VALUES (5, 3, 82, '5149108628', 66785.46158233946, 29576.118722947693, '2016-05-22', 'On-premises', 'Premium', 'CloudServices', 5);
INSERT INTO Deliverables VALUES (5, 1, '2016-05-25', null);
INSERT INTO Deliverables VALUES (5, 2, '2016-05-27', null);
INSERT INTO Deliverables VALUES (5, 3, '2016-06-03', null);
INSERT INTO Employees VALUES(83, 'Taryn', 'Graham', 'a');
INSERT INTO Manager VALUES (83, 5, 82);
INSERT INTO Employees VALUES(84, 'Jazlene', 'Tapia', 'a');
INSERT INTO Regular VALUES (84, 5,83, 'Development', 'Silver', 'Premium');
INSERT INTO Tasks VALUES (84, 5, 'Set up infrastructure for client', 0);
INSERT INTO Employees VALUES(85, 'Nehemiah', 'Wiley', 'a');
INSERT INTO Regular VALUES (85, 5,83, 'BusinessIntelligence', 'Normal', 'Premium');
INSERT INTO Tasks VALUES (85, 5, 'Allocating a dedicated point of contact', 0);
INSERT INTO Employees VALUES(86, 'Arnav', 'Silva', 'a');
INSERT INTO Regular VALUES (86, 5,83, 'BusinessIntelligence', 'Silver', 'Premium');
INSERT INTO Tasks VALUES (86, 5, 'Provisioning of resources', 0);
INSERT INTO Employees VALUES(87, 'Deven', 'Palmer', 'a');
INSERT INTO Regular VALUES (87, 5,83, 'Development', 'Premium', 'Premium');
INSERT INTO Tasks VALUES (87, 5, 'Set up infrastructure for client', 0);
INSERT INTO Employees VALUES(88, 'Sam', 'Park', 'a');
INSERT INTO Regular VALUES (88, 5,83, 'Networking', 'Premium', 'Premium');
INSERT INTO Tasks VALUES (88, 5, 'Allocating a dedicated point of contact', 0);
INSERT INTO Employees VALUES(89, 'Brayan', 'Baird', 'a');
INSERT INTO Manager VALUES (89, 5, 82);
INSERT INTO Employees VALUES(90, 'Isabella', 'Robles', 'a');
INSERT INTO Regular VALUES (90, 5,89, 'Design', 'Normal', 'Premium');
INSERT INTO Tasks VALUES (90, 5, 'Allocating a dedicated point of contact', 0);
INSERT INTO Employees VALUES(91, 'Angie', 'Avery', 'a');
INSERT INTO Regular VALUES (91, 5,89, 'Networking', 'Premium', 'Premium');
INSERT INTO Tasks VALUES (91, 5, 'Provisioning of resources', 0);
INSERT INTO Employees VALUES(92, 'Madalyn', 'Stokes', 'a');
INSERT INTO Regular VALUES (92, 5,89, 'Development', 'Premium', 'Premium');
INSERT INTO Tasks VALUES (92, 5, 'Assigning tasks to resources', 0);
INSERT INTO Employees VALUES(93, 'Madyson', 'Nunez', 'a');
INSERT INTO Regular VALUES (93, 5,89, 'UI', 'Normal', 'Premium');
INSERT INTO Tasks VALUES (93, 5, 'Set up infrastructure for client', 0);
INSERT INTO Employees VALUES(94, 'Giada', 'Greene', 'a');
INSERT INTO Regular VALUES (94, 5,89, 'UI', 'Silver', 'Premium');
INSERT INTO Tasks VALUES (94, 5, 'Set up infrastructure for client', 0);
INSERT INTO Employees VALUES(95, 'Lilly', 'Stark', 'a');
INSERT INTO Manager VALUES (95, 5, 82);
INSERT INTO Employees VALUES(96, 'Jayvon', 'Gutierrez', 'a');
INSERT INTO Regular VALUES (96, 5,95, 'UI', 'Premium', 'Premium');
INSERT INTO Tasks VALUES (96, 5, 'Set up infrastructure for client', 0);
INSERT INTO Employees VALUES(97, 'Breanna', 'Bowman', 'a');
INSERT INTO Regular VALUES (97, 5,95, 'Development', 'Premium', 'Premium');
INSERT INTO Tasks VALUES (97, 5, 'Provisioning of resources', 0);
INSERT INTO Employees VALUES(98, 'Landen', 'Hardin', 'a');
INSERT INTO Regular VALUES (98, 5,95, 'Networking', 'Silver', 'Premium');
INSERT INTO Tasks VALUES (98, 5, 'Provisioning of resources', 0);
INSERT INTO Employees VALUES(99, 'Hayden', 'Hurst', 'a');
INSERT INTO Regular VALUES (99, 5,95, 'QA', 'Premium', 'Premium');
INSERT INTO Tasks VALUES (99, 5, 'Assigning tasks to resources', 0);
INSERT INTO Employees VALUES(100, 'Houston', 'Barnett', 'a');
INSERT INTO Regular VALUES (100, 5,95, 'QA', 'Premium', 'Premium');
INSERT INTO Tasks VALUES (100, 5, 'Assigning tasks to resources', 0);
INSERT INTO Clients VALUES (4, 'Google', 'Marquis', '', 'Hooper', 'Marquis_Hooper@Google.com', 'Quebec', 'Nova Scotia', 'xxxxxx', 'pass');
INSERT INTO Contracts VALUES (6, 4, 82, '5149108628', 67634.30839434746, 28552.104397227624, '2017-09-06', 'On-premises', 'Gold', 'CloudServices', 5);
INSERT INTO Deliverables VALUES (6, 1, '2017-09-18', null);
INSERT INTO Deliverables VALUES (6, 2, '2017-09-26', null);
INSERT INTO Deliverables VALUES (6, 3, '2017-10-04', null);
INSERT INTO Employees VALUES(101, 'Ezekiel', 'Lewis', 'a');
INSERT INTO Manager VALUES (101, 6, 82);
INSERT INTO Employees VALUES(102, 'Cristofer', 'Gilmore', 'a');
INSERT INTO Regular VALUES (102, 6,101, 'QA', 'Normal', 'Gold');
INSERT INTO Tasks VALUES (102, 6, 'Provisioning of resources', 0);
INSERT INTO Employees VALUES(103, 'Nora', 'Wall', 'a');
INSERT INTO Regular VALUES (103, 6,101, 'BusinessIntelligence', 'Premium', 'Gold');
INSERT INTO Tasks VALUES (103, 6, 'Assigning tasks to resources', 0);
INSERT INTO Employees VALUES(104, 'Fabian', 'Maxwell', 'a');
INSERT INTO Regular VALUES (104, 6,101, 'Development', 'Silver', 'Gold');
INSERT INTO Tasks VALUES (104, 6, 'Assigning tasks to resources', 0);
INSERT INTO Employees VALUES(105, 'Callum', 'Green', 'a');
INSERT INTO Regular VALUES (105, 6,101, 'Design', 'Normal', 'Gold');
INSERT INTO Tasks VALUES (105, 6, 'Allocating a dedicated point of contact', 0);
INSERT INTO Employees VALUES(106, 'Savannah', 'Finley', 'a');
INSERT INTO Regular VALUES (106, 6,101, 'Design', 'Silver', 'Gold');
INSERT INTO Tasks VALUES (106, 6, 'Set up infrastructure for client', 0);
INSERT INTO Employees VALUES(107, 'Carmelo', 'Hudson', 'a');
INSERT INTO Regular VALUES (107, 6,101, 'Networking', 'Normal', 'Gold');
INSERT INTO Tasks VALUES (107, 6, 'Provisioning of resources', 0);
INSERT INTO Employees VALUES(108, 'Phillip', 'Duran', 'a');
INSERT INTO Manager VALUES (108, 6, 82);
INSERT INTO Employees VALUES(109, 'Alfred', 'Villanueva', 'a');
INSERT INTO Regular VALUES (109, 6,108, 'UI', 'Normal', 'Gold');
INSERT INTO Tasks VALUES (109, 6, 'Set up infrastructure for client', 0);
INSERT INTO Employees VALUES(110, 'Kamari', 'Daugherty', 'a');
INSERT INTO Regular VALUES (110, 6,108, 'Networking', 'Normal', 'Gold');
INSERT INTO Tasks VALUES (110, 6, 'Provisioning of resources', 0);
INSERT INTO Employees VALUES(111, 'Arthur', 'Leonard', 'a');
INSERT INTO Regular VALUES (111, 6,108, 'QA', 'Normal', 'Gold');
INSERT INTO Tasks VALUES (111, 6, 'Allocating a dedicated point of contact', 0);
INSERT INTO Employees VALUES(112, 'Roman', 'Guerra', 'a');
INSERT INTO Regular VALUES (112, 6,108, 'UI', 'Silver', 'Gold');
INSERT INTO Tasks VALUES (112, 6, 'Provisioning of resources', 0);
INSERT INTO Employees VALUES(113, 'Miles', 'Schmitt', 'a');
INSERT INTO Regular VALUES (113, 6,108, 'BusinessIntelligence', 'Premium', 'Gold');
INSERT INTO Tasks VALUES (113, 6, 'Set up infrastructure for client', 0);
INSERT INTO Employees VALUES(114, 'Maya', 'Mosley', 'a');
INSERT INTO Regular VALUES (114, 6,108, 'Development', 'Normal', 'Gold');
INSERT INTO Tasks VALUES (114, 6, 'Allocating a dedicated point of contact', 0);
INSERT INTO Employees VALUES(115, 'Allen', 'Floyd', 'a');
INSERT INTO SalesAssociate VALUES(115);
INSERT INTO Clients VALUES (5, 'Facebook', 'Raelynn', '', 'Burch', 'Raelynn_Burch@Facebook.com', 'Toronto', 'Nova Scotia', 'xxxxxx', 'pass');
INSERT INTO Contracts VALUES (7, 5, 115, '5149108628', 48284.69023834655, 20852.307783461292, '2016-10-15', 'On-premises', 'Premium', 'CloudServices', 5);
INSERT INTO Deliverables VALUES (7, 1, '2016-10-19', null);
INSERT INTO Deliverables VALUES (7, 2, '2016-10-21', null);
INSERT INTO Deliverables VALUES (7, 3, '2016-10-28', null);
INSERT INTO Employees VALUES(116, 'Paige', 'Grant', 'a');
INSERT INTO Manager VALUES (116, 7, 115);
INSERT INTO Employees VALUES(117, 'Jamiya', 'Holland', 'a');
INSERT INTO Regular VALUES (117, 7,116, 'Development', 'Premium', 'Premium');
INSERT INTO Tasks VALUES (117, 7, 'Allocating a dedicated point of contact', 0);
INSERT INTO Employees VALUES(118, 'Carson', 'Solomon', 'a');
INSERT INTO Regular VALUES (118, 7,116, 'UI', 'Silver', 'Premium');
INSERT INTO Tasks VALUES (118, 7, 'Allocating a dedicated point of contact', 0);
INSERT INTO Employees VALUES(119, 'Quentin', 'Ellis', 'a');
INSERT INTO Regular VALUES (119, 7,116, 'Networking', 'Normal', 'Premium');
INSERT INTO Tasks VALUES (119, 7, 'Allocating a dedicated point of contact', 0);
INSERT INTO Employees VALUES(120, 'Lilia', 'Bartlett', 'a');
INSERT INTO Regular VALUES (120, 7,116, 'Networking', 'Premium', 'Premium');
INSERT INTO Tasks VALUES (120, 7, 'Provisioning of resources', 0);
INSERT INTO Employees VALUES(121, 'Maia', 'Stephens', 'a');
INSERT INTO Regular VALUES (121, 7,116, 'Networking', 'Normal', 'Premium');
INSERT INTO Tasks VALUES (121, 7, 'Assigning tasks to resources', 0);
INSERT INTO Employees VALUES(122, 'Alma', 'Serrano', 'a');
INSERT INTO Manager VALUES (122, 7, 115);
INSERT INTO Employees VALUES(123, 'Willie', 'Chavez', 'a');
INSERT INTO Regular VALUES (123, 7,122, 'QA', 'Silver', 'Premium');
INSERT INTO Tasks VALUES (123, 7, 'Provisioning of resources', 0);
INSERT INTO Employees VALUES(124, 'Antony', 'Kline', 'a');
INSERT INTO Regular VALUES (124, 7,122, 'QA', 'Normal', 'Premium');
INSERT INTO Tasks VALUES (124, 7, 'Allocating a dedicated point of contact', 0);
INSERT INTO Employees VALUES(125, 'Irene', 'Duncan', 'a');
INSERT INTO Regular VALUES (125, 7,122, 'UI', 'Premium', 'Premium');
INSERT INTO Tasks VALUES (125, 7, 'Allocating a dedicated point of contact', 0);
INSERT INTO Employees VALUES(126, 'Maggie', 'Henry', 'a');
INSERT INTO Regular VALUES (126, 7,122, 'UI', 'Premium', 'Premium');
INSERT INTO Tasks VALUES (126, 7, 'Set up infrastructure for client', 0);
INSERT INTO Employees VALUES(127, 'Gregory', 'Madden', 'a');
INSERT INTO Regular VALUES (127, 7,122, 'BusinessIntelligence', 'Premium', 'Premium');
INSERT INTO Tasks VALUES (127, 7, 'Allocating a dedicated point of contact', 0);
INSERT INTO Employees VALUES(128, 'Danielle', 'Mcdowell', 'a');
INSERT INTO Manager VALUES (128, 7, 115);
INSERT INTO Employees VALUES(129, 'Rayna', 'Montoya', 'a');
INSERT INTO Regular VALUES (129, 7,128, 'Design', 'Premium', 'Premium');
INSERT INTO Tasks VALUES (129, 7, 'Allocating a dedicated point of contact', 0);
INSERT INTO Employees VALUES(130, 'Alissa', 'Douglas', 'a');
INSERT INTO Regular VALUES (130, 7,128, 'Networking', 'Premium', 'Premium');
INSERT INTO Tasks VALUES (130, 7, 'Provisioning of resources', 0);
INSERT INTO Employees VALUES(131, 'Kamron', 'Doyle', 'a');
INSERT INTO Regular VALUES (131, 7,128, 'Development', 'Normal', 'Premium');
INSERT INTO Tasks VALUES (131, 7, 'Provisioning of resources', 0);
INSERT INTO Employees VALUES(132, 'Evangeline', 'Leblanc', 'a');
INSERT INTO Regular VALUES (132, 7,128, 'UI', 'Silver', 'Premium');
INSERT INTO Tasks VALUES (132, 7, 'Allocating a dedicated point of contact', 0);
INSERT INTO Employees VALUES(133, 'Kelton', 'Cannon', 'a');
INSERT INTO Regular VALUES (133, 7,128, 'BusinessIntelligence', 'Premium', 'Premium');
INSERT INTO Tasks VALUES (133, 7, 'Provisioning of resources', 0);
INSERT INTO Contracts VALUES (8, 5, 115, '5149108628', 76435.06223851553, 20365.23473148366, '2015-09-05', 'On-premises', 'Diamond', 'Research', 5);
INSERT INTO Deliverables VALUES (8, 1, '2015-09-14', null);
INSERT INTO Deliverables VALUES (8, 2, '2015-09-21', null);
INSERT INTO Deliverables VALUES (8, 3, '2015-09-30', null);
INSERT INTO Employees VALUES(134, 'Trevin', 'Cantrell', 'a');
INSERT INTO Manager VALUES (134, 8, 115);
INSERT INTO Employees VALUES(135, 'Grace', 'Shea', 'a');
INSERT INTO Regular VALUES (135, 8,134, 'Design', 'Normal', 'Diamond');
INSERT INTO Tasks VALUES (135, 8, 'Assigning tasks to resources', 0);
INSERT INTO Employees VALUES(136, 'Colt', 'Mcgrath', 'a');
INSERT INTO Regular VALUES (136, 8,134, 'Design', 'Normal', 'Diamond');
INSERT INTO Tasks VALUES (136, 8, 'Assigning tasks to resources', 0);
INSERT INTO Employees VALUES(137, 'Jamie', 'Burke', 'a');
INSERT INTO Regular VALUES (137, 8,134, 'BusinessIntelligence', 'Silver', 'Diamond');
INSERT INTO Tasks VALUES (137, 8, 'Set up infrastructure for client', 0);
INSERT INTO Employees VALUES(138, 'Regina', 'Delacruz', 'a');
INSERT INTO Regular VALUES (138, 8,134, 'UI', 'Premium', 'Diamond');
INSERT INTO Tasks VALUES (138, 8, 'Set up infrastructure for client', 0);
INSERT INTO Employees VALUES(139, 'Jaelynn', 'Dodson', 'a');
INSERT INTO Regular VALUES (139, 8,134, 'BusinessIntelligence', 'Silver', 'Diamond');
INSERT INTO Tasks VALUES (139, 8, 'Assigning tasks to resources', 0);
INSERT INTO Employees VALUES(140, 'Collin', 'George', 'a');
INSERT INTO Regular VALUES (140, 8,134, 'Design', 'Normal', 'Diamond');
INSERT INTO Tasks VALUES (140, 8, 'Provisioning of resources', 0);
INSERT INTO Employees VALUES(141, 'Savanna', 'Hobbs', 'a');
INSERT INTO Manager VALUES (141, 8, 115);
INSERT INTO Employees VALUES(142, 'Vance', 'Ross', 'a');
INSERT INTO Regular VALUES (142, 8,141, 'BusinessIntelligence', 'Premium', 'Diamond');
INSERT INTO Tasks VALUES (142, 8, 'Provisioning of resources', 0);
INSERT INTO Employees VALUES(143, 'Tiara', 'Castaneda', 'a');
INSERT INTO Regular VALUES (143, 8,141, 'Development', 'Normal', 'Diamond');
INSERT INTO Tasks VALUES (143, 8, 'Provisioning of resources', 0);
INSERT INTO Employees VALUES(144, 'Makai', 'Adkins', 'a');
INSERT INTO Regular VALUES (144, 8,141, 'Networking', 'Silver', 'Diamond');
INSERT INTO Tasks VALUES (144, 8, 'Assigning tasks to resources', 0);
INSERT INTO Employees VALUES(145, 'Krystal', 'Walton', 'a');
INSERT INTO Regular VALUES (145, 8,141, 'Networking', 'Normal', 'Diamond');
INSERT INTO Tasks VALUES (145, 8, 'Set up infrastructure for client', 0);
INSERT INTO Employees VALUES(146, 'Georgia', 'Trevino', 'a');
INSERT INTO Regular VALUES (146, 8,141, 'BusinessIntelligence', 'Silver', 'Diamond');
INSERT INTO Tasks VALUES (146, 8, 'Set up infrastructure for client', 0);
INSERT INTO Employees VALUES(147, 'Brandon', 'Kidd', 'a');
INSERT INTO Regular VALUES (147, 8,141, 'Development', 'Premium', 'Diamond');
INSERT INTO Tasks VALUES (147, 8, 'Set up infrastructure for client', 0);
INSERT INTO Employees VALUES(148, 'Kieran', 'Dougherty', 'a');
INSERT INTO Manager VALUES (148, 8, 115);
INSERT INTO Employees VALUES(149, 'Kasey', 'Powell', 'a');
INSERT INTO Regular VALUES (149, 8,148, 'Design', 'Silver', 'Diamond');
INSERT INTO Tasks VALUES (149, 8, 'Assigning tasks to resources', 0);
INSERT INTO Employees VALUES(150, 'Lane', 'Dawson', 'a');
INSERT INTO Regular VALUES (150, 8,148, 'UI', 'Normal', 'Diamond');
INSERT INTO Tasks VALUES (150, 8, 'Provisioning of resources', 0);
INSERT INTO Employees VALUES(151, 'Addison', 'Waller', 'a');
INSERT INTO Regular VALUES (151, 8,148, 'QA', 'Silver', 'Diamond');
INSERT INTO Tasks VALUES (151, 8, 'Allocating a dedicated point of contact', 0);
INSERT INTO Employees VALUES(152, 'Tony', 'Gamble', 'a');
INSERT INTO Regular VALUES (152, 8,148, 'Design', 'Silver', 'Diamond');
INSERT INTO Tasks VALUES (152, 8, 'Assigning tasks to resources', 0);
INSERT INTO Employees VALUES(153, 'Jesse', 'Sellers', 'a');
INSERT INTO Regular VALUES (153, 8,148, 'UI', 'Premium', 'Diamond');
INSERT INTO Tasks VALUES (153, 8, 'Allocating a dedicated point of contact', 0);
INSERT INTO Employees VALUES(154, 'Libby', 'Frost', 'a');
INSERT INTO SalesAssociate VALUES(154);
INSERT INTO Clients VALUES (6, 'Twitterm', 'Jensen', '', 'Kane', 'Jensen_Kane@Twitterm.com', 'Quebec', 'Nova Scotia', 'xxxxxx', 'pass');
INSERT INTO Contracts VALUES (9, 6, 154, '5149108628', 96732.4529506522, 18805.26393069241, '2016-04-03', 'Cloud', 'Silver', 'Research', 5);
INSERT INTO Deliverables VALUES (9, 1, '2016-04-08', null);
INSERT INTO Deliverables VALUES (9, 2, '2016-04-22', null);
INSERT INTO Deliverables VALUES (9, 3, '2016-04-29', null);
INSERT INTO Deliverables VALUES (9, 4, '2016-05-11', null);
INSERT INTO Employees VALUES(155, 'Harry', 'Cruz', 'a');
INSERT INTO Manager VALUES (155, 9, 154);
INSERT INTO Employees VALUES(156, 'Luciana', 'Peck', 'a');
INSERT INTO Regular VALUES (156, 9,155, 'BusinessIntelligence', 'Silver', 'Silver');
INSERT INTO Tasks VALUES (156, 9, 'Assigning tasks to resources', 0);
INSERT INTO Employees VALUES(157, 'Norah', 'Clark', 'a');
INSERT INTO Regular VALUES (157, 9,155, 'Design', 'Silver', 'Silver');
INSERT INTO Tasks VALUES (157, 9, 'Allocating a dedicated point of contact', 0);
INSERT INTO Employees VALUES(158, 'Adison', 'Drake', 'a');
INSERT INTO Regular VALUES (158, 9,155, 'BusinessIntelligence', 'Premium', 'Silver');
INSERT INTO Tasks VALUES (158, 9, 'Provisioning of resources', 0);
INSERT INTO Employees VALUES(159, 'Konnor', 'Shelton', 'a');
INSERT INTO Regular VALUES (159, 9,155, 'QA', 'Normal', 'Silver');
INSERT INTO Tasks VALUES (159, 9, 'Provisioning of resources', 0);
INSERT INTO Employees VALUES(160, 'Frida', 'Wells', 'a');
INSERT INTO Regular VALUES (160, 9,155, 'Development', 'Silver', 'Silver');
INSERT INTO Tasks VALUES (160, 9, 'Assigning tasks to resources', 0);
INSERT INTO Employees VALUES(161, 'Ronan', 'Beck', 'a');
INSERT INTO Regular VALUES (161, 9,155, 'Design', 'Normal', 'Silver');
INSERT INTO Tasks VALUES (161, 9, 'Assigning tasks to resources', 0);
INSERT INTO Employees VALUES(162, 'Alaina', 'Acevedo', 'a');
INSERT INTO Regular VALUES (162, 9,155, 'UI', 'Normal', 'Silver');
INSERT INTO Tasks VALUES (162, 9, 'Set up infrastructure for client', 0);
INSERT INTO Employees VALUES(163, 'Caylee', 'Robinson', 'a');
INSERT INTO Regular VALUES (163, 9,155, 'Networking', 'Silver', 'Silver');
INSERT INTO Tasks VALUES (163, 9, 'Set up infrastructure for client', 0);
INSERT INTO Employees VALUES(164, 'Micah', 'Hurley', 'a');
INSERT INTO Manager VALUES (164, 9, 154);
INSERT INTO Employees VALUES(165, 'Elliott', 'Griffin', 'a');
INSERT INTO Regular VALUES (165, 9,164, 'Design', 'Premium', 'Silver');
INSERT INTO Tasks VALUES (165, 9, 'Assigning tasks to resources', 0);
INSERT INTO Employees VALUES(166, 'Sheldon', 'Gates', 'a');
INSERT INTO Regular VALUES (166, 9,164, 'Development', 'Silver', 'Silver');
INSERT INTO Tasks VALUES (166, 9, 'Assigning tasks to resources', 0);
INSERT INTO Employees VALUES(167, 'Marley', 'Anderson', 'a');
INSERT INTO Regular VALUES (167, 9,164, 'UI', 'Premium', 'Silver');
INSERT INTO Tasks VALUES (167, 9, 'Assigning tasks to resources', 0);
INSERT INTO Employees VALUES(168, 'Leslie', 'Garza', 'a');
INSERT INTO Regular VALUES (168, 9,164, 'BusinessIntelligence', 'Silver', 'Silver');
INSERT INTO Tasks VALUES (168, 9, 'Assigning tasks to resources', 0);
INSERT INTO Employees VALUES(169, 'Nelson', 'Boyle', 'a');
INSERT INTO Regular VALUES (169, 9,164, 'UI', 'Premium', 'Silver');
INSERT INTO Tasks VALUES (169, 9, 'Assigning tasks to resources', 0);
INSERT INTO Employees VALUES(170, 'Izabella', 'Porter', 'a');
INSERT INTO Regular VALUES (170, 9,164, 'UI', 'Premium', 'Silver');
INSERT INTO Tasks VALUES (170, 9, 'Assigning tasks to resources', 0);
INSERT INTO Contracts VALUES (10, 6, 154, '5149108628', 63840.75912994458, 24846.222374646015, '2015-08-09', 'On-premises', 'Premium', 'Research', 5);
INSERT INTO Deliverables VALUES (10, 1, '2015-08-12', null);
INSERT INTO Deliverables VALUES (10, 2, '2015-08-14', null);
INSERT INTO Deliverables VALUES (10, 3, '2015-08-21', null);
INSERT INTO Employees VALUES(171, 'Linda', 'Valdez', 'a');
INSERT INTO Manager VALUES (171, 10, 154);
INSERT INTO Employees VALUES(172, 'Salvatore', 'Tyler', 'a');
INSERT INTO Regular VALUES (172, 10,171, 'UI', 'Silver', 'Premium');
INSERT INTO Tasks VALUES (172, 10, 'Assigning tasks to resources', 0);
INSERT INTO Employees VALUES(173, 'Lillie', 'Tanner', 'a');
INSERT INTO Regular VALUES (173, 10,171, 'QA', 'Silver', 'Premium');
INSERT INTO Tasks VALUES (173, 10, 'Set up infrastructure for client', 0);
INSERT INTO Employees VALUES(174, 'Marley', 'Diaz', 'a');
INSERT INTO Regular VALUES (174, 10,171, 'Development', 'Normal', 'Premium');
INSERT INTO Tasks VALUES (174, 10, 'Set up infrastructure for client', 0);
INSERT INTO Employees VALUES(175, 'Kayden', 'Gordon', 'a');
INSERT INTO Regular VALUES (175, 10,171, 'BusinessIntelligence', 'Silver', 'Premium');
INSERT INTO Tasks VALUES (175, 10, 'Set up infrastructure for client', 0);
INSERT INTO Employees VALUES(176, 'Nico', 'Whitehead', 'a');
INSERT INTO Regular VALUES (176, 10,171, 'Networking', 'Silver', 'Premium');
INSERT INTO Tasks VALUES (176, 10, 'Assigning tasks to resources', 0);
INSERT INTO Employees VALUES(177, 'Briana', 'Cole', 'a');
INSERT INTO Manager VALUES (177, 10, 154);
INSERT INTO Employees VALUES(178, 'Ashly', 'Pineda', 'a');
INSERT INTO Regular VALUES (178, 10,177, 'Networking', 'Normal', 'Premium');
INSERT INTO Tasks VALUES (178, 10, 'Set up infrastructure for client', 0);
INSERT INTO Employees VALUES(179, 'Evie', 'Gill', 'a');
INSERT INTO Regular VALUES (179, 10,177, 'BusinessIntelligence', 'Premium', 'Premium');
INSERT INTO Tasks VALUES (179, 10, 'Provisioning of resources', 0);
INSERT INTO Employees VALUES(180, 'Gaven', 'Christian', 'a');
INSERT INTO Regular VALUES (180, 10,177, 'UI', 'Silver', 'Premium');
INSERT INTO Tasks VALUES (180, 10, 'Set up infrastructure for client', 0);
INSERT INTO Employees VALUES(181, 'Raquel', 'Cabrera', 'a');
INSERT INTO Regular VALUES (181, 10,177, 'Design', 'Normal', 'Premium');
INSERT INTO Tasks VALUES (181, 10, 'Assigning tasks to resources', 0);
INSERT INTO Employees VALUES(182, 'Avery', 'Woodward', 'a');
INSERT INTO Regular VALUES (182, 10,177, 'Development', 'Normal', 'Premium');
INSERT INTO Tasks VALUES (182, 10, 'Allocating a dedicated point of contact', 0);
INSERT INTO Employees VALUES(183, 'Hugh', 'Pruitt', 'a');
INSERT INTO Regular VALUES (183, 10,177, 'Development', 'Premium', 'Premium');
INSERT INTO Tasks VALUES (183, 10, 'Allocating a dedicated point of contact', 0);
INSERT INTO Employees VALUES(184, 'Frankie', 'Ford', 'a');
INSERT INTO Regular VALUES (184, 10,177, 'QA', 'Premium', 'Premium');
INSERT INTO Tasks VALUES (184, 10, 'Assigning tasks to resources', 0);
INSERT INTO Employees VALUES(185, 'Hallie', 'Rush', 'a');
INSERT INTO Regular VALUES (185, 10,177, 'UI', 'Silver', 'Premium');
INSERT INTO Tasks VALUES (185, 10, 'Allocating a dedicated point of contact', 0);
INSERT INTO Employees VALUES(186, 'Mallory', 'Mcclain', 'a');
INSERT INTO SalesAssociate VALUES(186);
INSERT INTO Clients VALUES (7, 'Yahoo', 'Lucille', '', 'Mueller', 'Lucille_Mueller@Yahoo.com', 'Toronto', 'Saskatchewan', 'xxxxxx', 'pass');
INSERT INTO Contracts VALUES (11, 7, 186, '5149108628', 60801.28897962178, 14049.057471279557, '2017-11-07', 'On-premises', 'Diamond', 'Development', 5);
INSERT INTO Deliverables VALUES (11, 1, '2017-11-15', null);
INSERT INTO Deliverables VALUES (11, 2, '2017-11-22', null);
INSERT INTO Deliverables VALUES (11, 3, '2017-12-01', null);
INSERT INTO Employees VALUES(187, 'Madden', 'Moss', 'a');
INSERT INTO Manager VALUES (187, 11, 186);
INSERT INTO Employees VALUES(188, 'Mary', 'Thomas', 'a');
INSERT INTO Regular VALUES (188, 11,187, 'Design', 'Premium', 'Diamond');
INSERT INTO Tasks VALUES (188, 11, 'Allocating a dedicated point of contact', 0);
INSERT INTO Employees VALUES(189, 'Leland', 'Little', 'a');
INSERT INTO Regular VALUES (189, 11,187, 'UI', 'Silver', 'Diamond');
INSERT INTO Tasks VALUES (189, 11, 'Assigning tasks to resources', 0);
INSERT INTO Employees VALUES(190, 'Nash', 'Lester', 'a');
INSERT INTO Regular VALUES (190, 11,187, 'Design', 'Premium', 'Diamond');
INSERT INTO Tasks VALUES (190, 11, 'Set up infrastructure for client', 0);
INSERT INTO Employees VALUES(191, 'Karli', 'Werner', 'a');
INSERT INTO Regular VALUES (191, 11,187, 'UI', 'Silver', 'Diamond');
INSERT INTO Tasks VALUES (191, 11, 'Assigning tasks to resources', 0);
INSERT INTO Employees VALUES(192, 'Kaliyah', 'Yang', 'a');
INSERT INTO Regular VALUES (192, 11,187, 'Design', 'Silver', 'Diamond');
INSERT INTO Tasks VALUES (192, 11, 'Assigning tasks to resources', 0);
INSERT INTO Employees VALUES(193, 'Nadia', 'Nichols', 'a');
INSERT INTO Regular VALUES (193, 11,187, 'Development', 'Normal', 'Diamond');
INSERT INTO Tasks VALUES (193, 11, 'Provisioning of resources', 0);
INSERT INTO Employees VALUES(194, 'Maxim', 'Hopkins', 'a');
INSERT INTO Regular VALUES (194, 11,187, 'Networking', 'Silver', 'Diamond');
INSERT INTO Tasks VALUES (194, 11, 'Allocating a dedicated point of contact', 0);
INSERT INTO Employees VALUES(195, 'Cash', 'Orozco', 'a');
INSERT INTO Manager VALUES (195, 11, 186);
INSERT INTO Employees VALUES(196, 'Alondra', 'Pope', 'a');
INSERT INTO Regular VALUES (196, 11,195, 'Development', 'Silver', 'Diamond');
INSERT INTO Tasks VALUES (196, 11, 'Set up infrastructure for client', 0);
INSERT INTO Employees VALUES(197, 'Macey', 'Miles', 'a');
INSERT INTO Regular VALUES (197, 11,195, 'QA', 'Premium', 'Diamond');
INSERT INTO Tasks VALUES (197, 11, 'Allocating a dedicated point of contact', 0);
INSERT INTO Employees VALUES(198, 'Marcos', 'Butler', 'a');
INSERT INTO Regular VALUES (198, 11,195, 'Development', 'Normal', 'Diamond');
INSERT INTO Tasks VALUES (198, 11, 'Allocating a dedicated point of contact', 0);
INSERT INTO Employees VALUES(199, 'June', 'Calhoun', 'a');
INSERT INTO Regular VALUES (199, 11,195, 'Design', 'Premium', 'Diamond');
INSERT INTO Tasks VALUES (199, 11, 'Provisioning of resources', 0);
INSERT INTO Employees VALUES(200, 'Yusuf', 'Johns', 'a');
INSERT INTO Regular VALUES (200, 11,195, 'BusinessIntelligence', 'Silver', 'Diamond');
INSERT INTO Tasks VALUES (200, 11, 'Allocating a dedicated point of contact', 0);
INSERT INTO Employees VALUES(201, 'Kate', 'Hunt', 'a');
INSERT INTO Manager VALUES (201, 11, 186);
INSERT INTO Employees VALUES(202, 'Jaslyn', 'Arellano', 'a');
INSERT INTO Regular VALUES (202, 11,201, 'Design', 'Normal', 'Diamond');
INSERT INTO Tasks VALUES (202, 11, 'Allocating a dedicated point of contact', 0);
INSERT INTO Employees VALUES(203, 'Duncan', 'Aguirre', 'a');
INSERT INTO Regular VALUES (203, 11,201, 'Development', 'Normal', 'Diamond');
INSERT INTO Tasks VALUES (203, 11, 'Assigning tasks to resources', 0);
INSERT INTO Employees VALUES(204, 'Maxwell', 'Mendez', 'a');
INSERT INTO Regular VALUES (204, 11,201, 'BusinessIntelligence', 'Premium', 'Diamond');
INSERT INTO Tasks VALUES (204, 11, 'Provisioning of resources', 0);
INSERT INTO Employees VALUES(205, 'Raiden', 'Ortega', 'a');
INSERT INTO Regular VALUES (205, 11,201, 'UI', 'Premium', 'Diamond');
INSERT INTO Tasks VALUES (205, 11, 'Allocating a dedicated point of contact', 0);
INSERT INTO Employees VALUES(206, 'Xander', 'Beasley', 'a');
INSERT INTO Regular VALUES (206, 11,201, 'QA', 'Silver', 'Diamond');
INSERT INTO Tasks VALUES (206, 11, 'Assigning tasks to resources', 0);
INSERT INTO Employees VALUES(207, 'Omar', 'Mathews', 'a');
INSERT INTO Regular VALUES (207, 11,201, 'Networking', 'Normal', 'Diamond');
INSERT INTO Tasks VALUES (207, 11, 'Allocating a dedicated point of contact', 0);
INSERT INTO Employees VALUES(208, 'Beau', 'Rice', 'a');
INSERT INTO Regular VALUES (208, 11,201, 'Development', 'Normal', 'Diamond');
INSERT INTO Tasks VALUES (208, 11, 'Set up infrastructure for client', 0);
INSERT INTO Employees VALUES(209, 'Patricia', 'Robbins', 'a');
INSERT INTO Regular VALUES (209, 11,201, 'Networking', 'Silver', 'Diamond');
INSERT INTO Tasks VALUES (209, 11, 'Assigning tasks to resources', 0);
INSERT INTO Contracts VALUES (12, 7, 186, '5149108628', 60958.42826672905, 22858.277333607097, '2016-06-16', 'Cloud', 'Gold', 'Development', 5);
INSERT INTO Deliverables VALUES (12, 1, '2016-06-28', null);
INSERT INTO Deliverables VALUES (12, 2, '2016-07-06', null);
INSERT INTO Deliverables VALUES (12, 3, '2016-07-14', null);
INSERT INTO Employees VALUES(210, 'Giuliana', 'Murray', 'a');
INSERT INTO Manager VALUES (210, 12, 186);
INSERT INTO Employees VALUES(211, 'Wesley', 'Mckenzie', 'a');
INSERT INTO Regular VALUES (211, 12,210, 'BusinessIntelligence', 'Normal', 'Gold');
INSERT INTO Tasks VALUES (211, 12, 'Allocating a dedicated point of contact', 0);
INSERT INTO Employees VALUES(212, 'Dante', 'Friedman', 'a');
INSERT INTO Regular VALUES (212, 12,210, 'Design', 'Premium', 'Gold');
INSERT INTO Tasks VALUES (212, 12, 'Assigning tasks to resources', 0);
INSERT INTO Employees VALUES(213, 'Zaria', 'Moses', 'a');
INSERT INTO Regular VALUES (213, 12,210, 'Design', 'Normal', 'Gold');
INSERT INTO Tasks VALUES (213, 12, 'Set up infrastructure for client', 0);
INSERT INTO Employees VALUES(214, 'Brooklynn', 'Jenkins', 'a');
INSERT INTO Regular VALUES (214, 12,210, 'Design', 'Silver', 'Gold');
INSERT INTO Tasks VALUES (214, 12, 'Allocating a dedicated point of contact', 0);
INSERT INTO Employees VALUES(215, 'Katie', 'Mccoy', 'a');
INSERT INTO Regular VALUES (215, 12,210, 'Development', 'Normal', 'Gold');
INSERT INTO Tasks VALUES (215, 12, 'Assigning tasks to resources', 0);
INSERT INTO Employees VALUES(216, 'Adelaide', 'Fernandez', 'a');
INSERT INTO Regular VALUES (216, 12,210, 'BusinessIntelligence', 'Silver', 'Gold');
INSERT INTO Tasks VALUES (216, 12, 'Set up infrastructure for client', 0);
INSERT INTO Employees VALUES(217, 'Simeon', 'Huang', 'a');
INSERT INTO Manager VALUES (217, 12, 186);
INSERT INTO Employees VALUES(218, 'Violet', 'Love', 'a');
INSERT INTO Regular VALUES (218, 12,217, 'QA', 'Premium', 'Gold');
INSERT INTO Tasks VALUES (218, 12, 'Assigning tasks to resources', 0);
INSERT INTO Employees VALUES(219, 'Chana', 'Patton', 'a');
INSERT INTO Regular VALUES (219, 12,217, 'BusinessIntelligence', 'Premium', 'Gold');
INSERT INTO Tasks VALUES (219, 12, 'Assigning tasks to resources', 0);
INSERT INTO Employees VALUES(220, 'Sonia', 'Armstrong', 'a');
INSERT INTO Regular VALUES (220, 12,217, 'BusinessIntelligence', 'Normal', 'Gold');
INSERT INTO Tasks VALUES (220, 12, 'Provisioning of resources', 0);
INSERT INTO Employees VALUES(221, 'Mason', 'Williamson', 'a');
INSERT INTO Regular VALUES (221, 12,217, 'QA', 'Silver', 'Gold');
INSERT INTO Tasks VALUES (221, 12, 'Assigning tasks to resources', 0);
INSERT INTO Employees VALUES(222, 'Ximena', 'Levine', 'a');
INSERT INTO Regular VALUES (222, 12,217, 'Design', 'Premium', 'Gold');
INSERT INTO Tasks VALUES (222, 12, 'Provisioning of resources', 0);
INSERT INTO Employees VALUES(223, 'Cynthia', 'Thompson', 'a');
INSERT INTO Manager VALUES (223, 12, 186);
INSERT INTO Employees VALUES(224, 'Gaige', 'Arnold', 'a');
INSERT INTO Regular VALUES (224, 12,223, 'UI', 'Silver', 'Gold');
INSERT INTO Tasks VALUES (224, 12, 'Provisioning of resources', 0);
INSERT INTO Employees VALUES(225, 'Veronica', 'Riley', 'a');
INSERT INTO Regular VALUES (225, 12,223, 'Development', 'Premium', 'Gold');
INSERT INTO Tasks VALUES (225, 12, 'Allocating a dedicated point of contact', 0);
INSERT INTO Employees VALUES(226, 'Leonel', 'Nash', 'a');
INSERT INTO Regular VALUES (226, 12,223, 'QA', 'Silver', 'Gold');
INSERT INTO Tasks VALUES (226, 12, 'Allocating a dedicated point of contact', 0);
INSERT INTO Employees VALUES(227, 'Lamar', 'Mercado', 'a');
INSERT INTO Regular VALUES (227, 12,223, 'Development', 'Normal', 'Gold');
INSERT INTO Tasks VALUES (227, 12, 'Set up infrastructure for client', 0);
INSERT INTO Employees VALUES(228, 'Devin', 'Rodriguez', 'a');
INSERT INTO Regular VALUES (228, 12,223, 'UI', 'Silver', 'Gold');
INSERT INTO Tasks VALUES (228, 12, 'Set up infrastructure for client', 0);
INSERT INTO Employees VALUES(229, 'Jon', 'Pennington', 'a');
INSERT INTO SalesAssociate VALUES(229);
INSERT INTO Clients VALUES (8, 'Valve', 'Precious', '', 'Collier', 'Precious_Collier@Valve.com', 'Toronto', 'Newfundland & Labrador', 'xxxxxx', 'pass');
INSERT INTO Contracts VALUES (13, 8, 229, '5149108628', 73920.47451730404, 31593.736200006126, '2016-08-11', 'Cloud', 'Gold', 'Development', 5);
INSERT INTO Deliverables VALUES (13, 1, '2016-08-23', null);
INSERT INTO Deliverables VALUES (13, 2, '2016-08-31', null);
INSERT INTO Deliverables VALUES (13, 3, '2016-09-08', null);
INSERT INTO Employees VALUES(230, 'Karen', 'Wang', 'a');
INSERT INTO Manager VALUES (230, 13, 229);
INSERT INTO Employees VALUES(231, 'Reina', 'Curtis', 'a');
INSERT INTO Regular VALUES (231, 13,230, 'Design', 'Normal', 'Gold');
INSERT INTO Tasks VALUES (231, 13, 'Assigning tasks to resources', 0);
INSERT INTO Employees VALUES(232, 'Kenley', 'Oconnell', 'a');
INSERT INTO Regular VALUES (232, 13,230, 'Networking', 'Silver', 'Gold');
INSERT INTO Tasks VALUES (232, 13, 'Assigning tasks to resources', 0);
INSERT INTO Employees VALUES(233, 'Owen', 'Baldwin', 'a');
INSERT INTO Regular VALUES (233, 13,230, 'Design', 'Normal', 'Gold');
INSERT INTO Tasks VALUES (233, 13, 'Allocating a dedicated point of contact', 0);
INSERT INTO Employees VALUES(234, 'Cecilia', 'Walsh', 'a');
INSERT INTO Regular VALUES (234, 13,230, 'Design', 'Silver', 'Gold');
INSERT INTO Tasks VALUES (234, 13, 'Allocating a dedicated point of contact', 0);
INSERT INTO Employees VALUES(235, 'Serena', 'Kramer', 'a');
INSERT INTO Regular VALUES (235, 13,230, 'Development', 'Premium', 'Gold');
INSERT INTO Tasks VALUES (235, 13, 'Provisioning of resources', 0);
INSERT INTO Employees VALUES(236, 'Cornelius', 'Fletcher', 'a');
INSERT INTO Regular VALUES (236, 13,230, 'Networking', 'Silver', 'Gold');
INSERT INTO Tasks VALUES (236, 13, 'Provisioning of resources', 0);
INSERT INTO Employees VALUES(237, 'Bobby', 'Barron', 'a');
INSERT INTO Regular VALUES (237, 13,230, 'BusinessIntelligence', 'Silver', 'Gold');
INSERT INTO Tasks VALUES (237, 13, 'Assigning tasks to resources', 0);
INSERT INTO Employees VALUES(238, 'Colton', 'Sheppard', 'a');
INSERT INTO Regular VALUES (238, 13,230, 'Networking', 'Silver', 'Gold');
INSERT INTO Tasks VALUES (238, 13, 'Set up infrastructure for client', 0);
INSERT INTO Employees VALUES(239, 'Braylen', 'Andrade', 'a');
INSERT INTO Manager VALUES (239, 13, 229);
INSERT INTO Employees VALUES(240, 'Gisselle', 'Howell', 'a');
INSERT INTO Regular VALUES (240, 13,239, 'Networking', 'Premium', 'Gold');
INSERT INTO Tasks VALUES (240, 13, 'Provisioning of resources', 0);
INSERT INTO Employees VALUES(241, 'Kylie', 'Mcmahon', 'a');
INSERT INTO Regular VALUES (241, 13,239, 'UI', 'Silver', 'Gold');
INSERT INTO Tasks VALUES (241, 13, 'Assigning tasks to resources', 0);
INSERT INTO Employees VALUES(242, 'Turner', 'Santana', 'a');
INSERT INTO Regular VALUES (242, 13,239, 'Development', 'Normal', 'Gold');
INSERT INTO Tasks VALUES (242, 13, 'Provisioning of resources', 0);
INSERT INTO Employees VALUES(243, 'Zoe', 'Meza', 'a');
INSERT INTO Regular VALUES (243, 13,239, 'UI', 'Premium', 'Gold');
INSERT INTO Tasks VALUES (243, 13, 'Allocating a dedicated point of contact', 0);
INSERT INTO Employees VALUES(244, 'Nathalie', 'Marquez', 'a');
INSERT INTO Regular VALUES (244, 13,239, 'Development', 'Silver', 'Gold');
INSERT INTO Tasks VALUES (244, 13, 'Assigning tasks to resources', 0);
INSERT INTO Contracts VALUES (14, 8, 229, '5149108628', 86651.59565183197, 39141.650917541396, '2015-05-21', 'Cloud', 'Silver', 'CloudServices', 5);
INSERT INTO Deliverables VALUES (14, 1, '2015-05-28', null);
INSERT INTO Deliverables VALUES (14, 2, '2015-06-11', null);
INSERT INTO Deliverables VALUES (14, 3, '2015-06-18', null);
INSERT INTO Deliverables VALUES (14, 4, '2015-06-30', null);
INSERT INTO Employees VALUES(245, 'Uriel', 'Price', 'a');
INSERT INTO Manager VALUES (245, 14, 229);
INSERT INTO Employees VALUES(246, 'Tommy', 'Burton', 'a');
INSERT INTO Regular VALUES (246, 14,245, 'UI', 'Premium', 'Silver');
INSERT INTO Tasks VALUES (246, 14, 'Assigning tasks to resources', 0);
INSERT INTO Employees VALUES(247, 'Mauricio', 'Hayes', 'a');
INSERT INTO Regular VALUES (247, 14,245, 'Development', 'Silver', 'Silver');
INSERT INTO Tasks VALUES (247, 14, 'Provisioning of resources', 0);
INSERT INTO Employees VALUES(248, 'Joanna', 'Bass', 'a');
INSERT INTO Regular VALUES (248, 14,245, 'Design', 'Normal', 'Silver');
INSERT INTO Tasks VALUES (248, 14, 'Provisioning of resources', 0);
INSERT INTO Employees VALUES(249, 'Charity', 'Gould', 'a');
INSERT INTO Regular VALUES (249, 14,245, 'Development', 'Premium', 'Silver');
INSERT INTO Tasks VALUES (249, 14, 'Set up infrastructure for client', 0);
INSERT INTO Employees VALUES(250, 'Carly', 'Christensen', 'a');
INSERT INTO Regular VALUES (250, 14,245, 'BusinessIntelligence', 'Silver', 'Silver');
INSERT INTO Tasks VALUES (250, 14, 'Allocating a dedicated point of contact', 0);
INSERT INTO Employees VALUES(251, 'Corbin', 'Kelley', 'a');
INSERT INTO Regular VALUES (251, 14,245, 'QA', 'Silver', 'Silver');
INSERT INTO Tasks VALUES (251, 14, 'Allocating a dedicated point of contact', 0);
INSERT INTO Employees VALUES(252, 'Baylee', 'Harvey', 'a');
INSERT INTO Manager VALUES (252, 14, 229);
INSERT INTO Employees VALUES(253, 'Kelsey', 'Orr', 'a');
INSERT INTO Regular VALUES (253, 14,252, 'Networking', 'Silver', 'Silver');
INSERT INTO Tasks VALUES (253, 14, 'Assigning tasks to resources', 0);
INSERT INTO Employees VALUES(254, 'Matteo', 'Golden', 'a');
INSERT INTO Regular VALUES (254, 14,252, 'Development', 'Premium', 'Silver');
INSERT INTO Tasks VALUES (254, 14, 'Assigning tasks to resources', 0);
INSERT INTO Employees VALUES(255, 'Antonio', 'Hughes', 'a');
INSERT INTO Regular VALUES (255, 14,252, 'QA', 'Silver', 'Silver');
INSERT INTO Tasks VALUES (255, 14, 'Set up infrastructure for client', 0);
INSERT INTO Employees VALUES(256, 'Malaki', 'Haney', 'a');
INSERT INTO Regular VALUES (256, 14,252, 'UI', 'Normal', 'Silver');
INSERT INTO Tasks VALUES (256, 14, 'Assigning tasks to resources', 0);
INSERT INTO Employees VALUES(257, 'Lyric', 'Franklin', 'a');
INSERT INTO Regular VALUES (257, 14,252, 'BusinessIntelligence', 'Normal', 'Silver');
INSERT INTO Tasks VALUES (257, 14, 'Provisioning of resources', 0);
INSERT INTO Employees VALUES(258, 'Jacob', 'Roy', 'a');
INSERT INTO Manager VALUES (258, 14, 229);
INSERT INTO Employees VALUES(259, 'Kyla', 'Roman', 'a');
INSERT INTO Regular VALUES (259, 14,258, 'BusinessIntelligence', 'Premium', 'Silver');
INSERT INTO Tasks VALUES (259, 14, 'Assigning tasks to resources', 0);
INSERT INTO Employees VALUES(260, 'Pablo', 'Howard', 'a');
INSERT INTO Regular VALUES (260, 14,258, 'QA', 'Premium', 'Silver');
INSERT INTO Tasks VALUES (260, 14, 'Provisioning of resources', 0);
INSERT INTO Employees VALUES(261, 'Leyla', 'Ryan', 'a');
INSERT INTO Regular VALUES (261, 14,258, 'BusinessIntelligence', 'Silver', 'Silver');
INSERT INTO Tasks VALUES (261, 14, 'Set up infrastructure for client', 0);
INSERT INTO Employees VALUES(262, 'Ada', 'Carroll', 'a');
INSERT INTO Regular VALUES (262, 14,258, 'UI', 'Normal', 'Silver');
INSERT INTO Tasks VALUES (262, 14, 'Provisioning of resources', 0);
INSERT INTO Employees VALUES(263, 'Serenity', 'Richardson', 'a');
INSERT INTO Regular VALUES (263, 14,258, 'Design', 'Silver', 'Silver');
INSERT INTO Tasks VALUES (263, 14, 'Provisioning of resources', 0);
INSERT INTO Employees VALUES(264, 'Danika', 'Ballard', 'a');
INSERT INTO Regular VALUES (264, 14,258, 'Development', 'Normal', 'Silver');
INSERT INTO Tasks VALUES (264, 14, 'Set up infrastructure for client', 0);
INSERT INTO Employees VALUES(265, 'Marques', 'Meadows', 'a');
INSERT INTO Regular VALUES (265, 14,258, 'UI', 'Premium', 'Silver');
INSERT INTO Tasks VALUES (265, 14, 'Provisioning of resources', 0);
